id;gruppo;originale;italiano;max byte
858247;Descrizioni area;AREA  1:                                              PRESS A TO VIEW INTEL REPORTS.;AREA  1:                                              PREMI A PER I RAPPORTI INTEL.;84
85829C;Descrizioni area;AREA  2:                                              PRESS A TO VIEW INTEL REPORTS.;AREA  2:                                              PREMI A PER I RAPPORTI INTEL.;84
8582F1;Descrizioni area;AREA  3:                                              PRESS A TO VIEW INTEL REPORTS.;AREA  3:                                              PREMI A PER I RAPPORTI INTEL.;84
858346;Descrizioni area;AREA  4:                                              PRESS A TO VIEW INTEL REPORTS.;AREA  4:                                              PREMI A PER I RAPPORTI INTEL.;84
85839B;Descrizioni area;AREA  5:                                              PRESS A TO VIEW INTEL REPORTS.;AREA  5:                                              PREMI A PER I RAPPORTI INTEL.;84
8583F0;Descrizioni area;AREA  6:                                              PRESS A TO VIEW INTEL REPORTS.;AREA  6:                                              PREMI A PER I RAPPORTI INTEL.;84
858445;Descrizioni area;AREA  7:                                              PRESS A TO VIEW INTEL REPORTS.;AREA  7:                                              PREMI A PER I RAPPORTI INTEL.;84
85849A;Descrizioni area;AREA  8:                                              PRESS A TO VIEW INTEL REPORTS.;AREA  8:                                              PREMI A PER I RAPPORTI INTEL.;84
8584EF;Descrizioni area;AREA  9: LOCATED NORTHEAST OF AREA 2.                 PRESS A TO VIEW INTEL REPORTS.;AREA  9: A NORD-EST DELL'AREA 2.                      PREMI A PER I RAPPORTI INTEL.;84
858544;Descrizioni area;THIS AREA IS NOT USED FOR THIS MISSION.;AREA NON USATA IN QUESTA MISSIONE.;39
85856C;Radio / Command HQ;A.S.P., READ BACK YOUR MISSION PLAN FOR TAXI        CLEARANCE.;A.S.P., RIPETI IL PIANO DI MISSIONE PER IL          ROLLAGGIO.;62
8585AB;Radio / Command HQ;ROGER A.S.P., CONTACT HANGAR  ON 124.9.;RICEVUTO A.S.P., HANGAR SU 124.9.;39
8585D3;Radio / Command HQ;A.S.P., THIS  IS YOUR HANGAR. GO AHEAD.;A.S.P., QUI IL TUO HANGAR. PARLA PURE.;39
8585FB;Radio / Command HQ;A.S.P., THIS  IS HQ. GO AHEAD.;A.S.P., QUI COMANDO. PARLA.;30
85861A;Radio / Command HQ;ROGER A.S.P., WILL SEND YOU AREA  INFORMATION.;RICEVUTO A.S.P., TI INVIO I DATI DELL'AREA.;46
858649;Radio / Command HQ;A.S.P., ACKNOWLEDGE.;A.S.P., CONFERMA.;20
85865F;Radio / Command HQ;ROGER A.S.P., WILL SEND YOU INFORMATION.;RICEVUTO A.S.P., INVIO LE INFORMAZIONI.;40
858688;Radio / Command HQ;A.S.P., DO YOU COPY?;A.S.P., MI RICEVI?;20
85869D;Armi / aerei;F-15 SIDEWINDER AIR-TO-AIR MISSILE;F-15 MISSILE ARIA-ARIA SIDEWINDER;34
8586C0;Armi / aerei;F-15 MAVERICK AIR-TO-GROUND MISSILE;F-15 MISSILE ARIA-SUOLO MAVERICK;35
8586E4;Armi / aerei;F-15 MK-82 SMART BOMB;F-15 BOMBA MK-82;21
8586FA;Armi / aerei;A-10 MK-82 SMART BOMB;A-10 BOMBA MK-82;21
858710;Armi / aerei;A-10 MAVERICK AIR-TO-GROUND MISSILE;A-10 MISSILE ARIA-SUOLO MAVERICK;35
858734;Armi / aerei;A-10 LOCKEYE CLUSTER BOMB;A-10 BOMBA A GRAPPOLO;25
85874E;Armi / aerei;F-15-B WITH 20MM CANNON AND MK-82 SMART BOMB.;F-15-B CON CANNONE 20MM E BOMBE MK-82.;45
85877C;Armi / aerei;PRESS A TO CONFIRM AIRCRAFT AND WEAPONS.;PREMI A PER CONFERMARE AEREO E ARMI.;40
8587A5;Armi / aerei;F-15-A WITH 20MM CANNON AND AGM-65 MAVERICK;F-15-A CON CANNONE 20MM E AGM-65 MAVERICK;43
8587D1;Armi / aerei;PRESS A TO CONFIRM AIRCRAFT AND WEAPONS.;PREMI A PER CONFERMARE AEREO E ARMI.;40
8587FA;Armi / aerei;F-15 WITH 20MM CANNON AND AIM9 SIDEWINDER;F-15 CON CANNONE 20MM E AIM9 SIDEWINDER;41
858824;Armi / aerei;PRESS A TO CONFIRM AIRCRAFT AND WEAPONS.;PREMI A PER CONFERMARE AEREO E ARMI.;40
85884D;Armi / aerei;A-10-A WITH 30MM CANNON AND MK-82 SMART BOMB.;A-10-A CON CANNONE 30MM E BOMBE MK-82.;45
85887B;Armi / aerei;PRESS A TO CONFIRM AIRCRAFT AND WEAPONS.;PREMI A PER CONFERMARE AEREO E ARMI.;40
8588A4;Armi / aerei;A-10-B WITH 30MM CANNON AND AGM-65 MAVERICK;A-10-B CON CANNONE 30MM E AGM-65 MAVERICK;43
8588D0;Armi / aerei;PRESS A TO CONFIRM AIRCRAFT AND WEAPONS.;PREMI A PER CONFERMARE AEREO E ARMI.;40
8588F9;Armi / aerei;A-10-C WITH 30MM CANNON AND CLUSTER BOMBS;A-10-C CON CANNONE 30MM E BOMBE GRAPPOLO;41
858923;Armi / aerei;PRESS A TO CONFIRM AIRCRAFT AND WEAPONS.;PREMI A PER CONFERMARE AEREO E ARMI.;40
85894C;Armi / aerei;F-15 AA;;7
858954;Armi / aerei;F-15 AG-A;;9
85895E;Armi / aerei;F-15 AG-B;;9
858968;Armi / aerei;A-10 AG-A;;9
858972;Armi / aerei;A-10 AG-B;;9
85897C;Armi / aerei;A-10 AG-C;;9
858986;Area / sortite;AREA%d;;6
85898D;Area / sortite;AREA %d;;7
858995;Area / sortite;TAKE OFF, MAINTAIN HEADING TO AREA ;DECOLLA, ROTTA VERSO L'AREA ;35
8589B9;Area / sortite; WITHIN ; ENTRO  ;8
8589C2;Area / sortite; HRS.; ORE.;5
8589C8;Area / sortite;A.S.P. ON ;A.S.P. SU ;10
8589D3;Area / sortite;. YOU ARE CLEARED FOR TAXI. AFTER;. AUTORIZZATO AL ROLLAGGIO. DOPO;33
8589F5;Armamento dettagli;20MM VULCAN CANNON (VS AIR)                         MK-82 SMART BOMB ;CANNONE VULCAN 20MM (ARIA)          BOMBA MK-82;69
858A3B;Armamento dettagli;20MM VULCAN CANNON (VS AIR)                         MAVERICK AIR-TO-GROUND MISSILE ;CANNONE VULCAN 20MM (ARIA)                          MISSILE ARIA-SUOLO MAVERICK;83
858A8F;Armamento dettagli;20MM VULCAN CANNON (VS AIR)                         SIDEWINDER AIR-TO-AIR MISSILE ;CANNONE VULCAN 20MM (ARIA)                          MISSILE ARIA-ARIA SIDEWINDER;82
858AE2;Armamento dettagli;30MM GAU-8 AVENGER (vs TANKS)                       MK-82 SMART BOMB ;GAU-8 AVENGER 30MM (CARRI)          BOMBA MK-82;69
858B28;Armamento dettagli;30MM GAU-8 AVENGER (vs TANKS)                       MAVERICK AIR-TO-GROUND MISSILE ;GAU-8 AVENGER 30MM (CARRI)                          MISSILE ARIA-SUOLO MAVERICK;83
858B7C;Armamento dettagli;30MM GAU-8 AVENGER (vs TANKS)                       LOCKEYE CLUSTER BOMB ;GAU-8 AVENGER 30MM (CARRI)                          BOMBA A GRAPPOLO;73
858BC6;Armamento dettagli;20MM VULCAN CANNON;VULCAN 20MM;18
858BD9;Armamento dettagli;20MM SUPER VULCAN CANNON;SUPER VULCAN 20MM;24
858BF2;Armamento dettagli;30MM GAU-8 AVENGER;GAU-8 AVENGER 30MM;18
858C05;Armamento dettagli;30MM SUPER GATLING;SUPER GATLING 30MM;18
858C18;Armamento dettagli;SIDEWINDER AA MISSILE ;MISSILE AA SIDEW. ;22
858C2F;Armamento dettagli;MAVERICK AG MISSILE;MISSILE AG MAVER.;19
858C43;Armamento dettagli;MK-82 SMART BOMB;BOMBA MK-82;16
858C54;Armamento dettagli;LOCKEYE CLUSTER BOMB;BOMBA A GRAPPOLO;20
858C69;Armamento dettagli;F-15 STRIKE EAGLE;;17
858C7B;Armamento dettagli;A-10 THUNDER BOLT II;;20
858C90;Armamento dettagli;WEAPONS;ARMI   ;7
858C98;Armamento dettagli;MIG-29            ;;18
858CBE;Armamento dettagli;GANNIF A.A.       ;;18
858CD1;Armamento dettagli;JEEP WITH SWATTER ;JEEP CON SWATTER  ;18
858CE4;Armamento dettagli;HYPER CANNON      ;IPER CANNONE      ;18
858CF7;Armamento dettagli;RAPIER A.A.M.     ;;18
858D0A;Armamento dettagli;SCUD LAUNCHER     ;LANCIATORE SCUD   ;18
858D1D;Armamento dettagli;ROLLAND A.A.M.    ;;18
858D30;Armamento dettagli;CIVILIAN VEHICLE  ;VEICOLO CIVILE    ;18
858D69;Armamento dettagli;U.N. TROOPS       ;TRUPPE ONU        ;18
858DC8;Armamento dettagli;RADAR SITES       ;SITI RADAR        ;18
858DDB;Armamento dettagli;AIR BASES         ;BASI AEREE        ;18
858DEE;Armamento dettagli;GROUND BASES      ;BASI TERRESTRI    ;18
858E01;Armamento dettagli;NBC WEAPON FACTORY;FABBRICA ARMI NBC ;18
858E14;Armamento dettagli;OIL DEPOT         ;DEPOSITO PETROLIO ;18
858E27;Armamento dettagli;ZARAK CAPITAL     ;CAPITALE ZARAK    ;18
858E3A;Armamento dettagli;SMALL CITY        ;PICCOLA CITTA'    ;18
858E4D;Armamento dettagli;SCUD BASE         ;BASE SCUD         ;18
858E60;Armamento dettagli;PIPELINE FACILITY ;IMPIANTO OLEODOTTO;18
858E73;Armamento dettagli;MILITARY FACILITY ;IMPIANTO MILITARE ;18
858E86;Armamento dettagli;ZARAK HQs         ;QG DI ZARAK       ;18
858E99;Armamento dettagli;GULF HARBOR       ;PORTO DEL GOLFO   ;18
858EE5;Armamento dettagli;FULCRUM DUAL-ROLE,                  SOVIET-BUILT COMBAT AIRCRAFT.    ;CACCIA FULCRUM BIRUOLO,             DI COSTRUZIONE SOVIETICA.;69
858F2B;Armamento dettagli;SOVIET-BUILT M.B.T. WITH A          125MM MAINGUN AND A CREW OF THREE;CARRO SOVIETICO CON CANNONE         DA 125MM E TRE UOMINI.;69
858F71;Armamento dettagli;MOBILE ANTI-AIRCRAFT                MISSILE LAUNCHER.                ;LANCIAMISSILI CONTRAEREO            MOBILE.;69
858FB7;Armamento dettagli;FAST ATTACK, FIRES SWATTER          ANTI-AIRCRAFT MISSILES.          ;ATTACCO RAPIDO, LANCIA MISSILI      CONTRAEREI SWATTER.;69
858FFD;Armamento dettagli;55MM ANTI-AIRCRAFT GUN              PROPELS A SHELL UP 12,000FT.     ;CANNONE CONTRAEREO DA 55MM,         TIRA FINO A 12.000 PIEDI.;69
859043;Armamento dettagli;STATIONARY, MULTIPLE                ANTI-AIRCRAFT MISSILE LAUNCHER.  ;LANCIAMISSILI CONTRAEREO            FISSO A PIU' TUBI.;69
859089;Armamento dettagli;RANGE 180 MILES                     CHEMICAL CAPABLE WARHEAD.        ;GITTATA 290 KM, TESTATA             ANCHE CHIMICA.;69
8590CF;Armamento dettagli;SELF-PROPELLED ANTI-AIRCRAFT        MISSILE LAUNCHER.                ;LANCIAMISSILI CONTRAEREO            SEMOVENTE.;69
859115;Armamento dettagli;NOT TO BE DESTROYED.                                                 ;DA NON DISTRUGGERE.                 ;69
85915C;Armamento dettagli;U.N.'s MAIN BATTLE TANK             WITH A 105MM, M-68 MAINGUN.     ;CARRO DA BATTAGLIA ONU CON          CANNONE M-68 DA 105MM.;68
8591A1;Armamento dettagli;COALITION INFANTRY                  AN ALLIED SOLDIER, DO NOT SHOOT. ;FANTERIA DELLA COALIZIONE:          SOLDATO ALLEATO, NON SPARARE.;69
8591EB;Armamento dettagli;MAINTAINS BOTH GROUND AND           AIR SEARCHING SYSTEMS.           ;GESTISCE LA SORVEGLIANZA            DI TERRA E AEREA.;69
859231;Armamento dettagli;CONSISTS OF AIRFIELDS & HANGARS,    HOUSING MIG-29s, AND MI-24 HINDS.;PISTE E HANGAR, OSPITA              MIG-29 E ELICOTTERI MI-24 HIND.;69
859277;Armamento dettagli;HOUSES ENEMY TANKS,                 MUNITIONS, AND GROUND TROOPS.    ;OSPITA CARRI NEMICI,                MUNIZIONI E TRUPPE DI TERRA.;69
8592BD;Armamento dettagli;RESEARCH, PRODUCE                   AND DISTRIBUTE NBC WEAPONS.      ;STUDIA, PRODUCE E DISTRIBUISCE      ARMI NBC.;69
859303;Armamento dettagli;INCLUDES REFINERIES                 AND OIL SUPPLY STATIONS.         ;COMPRENDE RAFFINERIE E              STAZIONI DI RIFORNIMENTO.;69
859349;Armamento dettagli;HOUSES CIVILIANS AND MILITARY       FACILITIES.                      ;OSPITA CIVILI E STRUTTURE           MILITARI.;69
85938F;Armamento dettagli;HOUSES NUMEROUS CIVILIANS.                                           ;OSPITA NUMEROSI CIVILI.             ;69
8593D5;Armamento dettagli;AN ENTOURAGE OF                     FIVE SCUD MISSILE LAUNCHERS.     ;UN GRUPPO DI CINQUE                 LANCIATORI DI MISSILI SCUD.;69
85941B;Armamento dettagli;MOVES OIL TO SUPPLY POINTS.                                          ;PORTA IL PETROLIO AI DEPOSITI.      ;69
859461;Armamento dettagli;THERE ARE NUMEROUS MILITARY         FACILITIES AROUND THE CAPITAL.   ;INTORNO ALLA CAPITALE CI SONO       MOLTE STRUTTURE MILITARI.;69
8594A7;Armamento dettagli;WELL-DEFENDED AND WITH              NUCLEAR WEAPONS.                 ;BEN DIFESO E CON                    ARMI NUCLEARI.;69
8594ED;Armamento dettagli;OIL TANKERS, REFINERIES,            AND MANY CIVILIANS.              ;PETROLIERE, RAFFINERIE              E MOLTI CIVILI.;69
859539;Armamento dettagli;ENEMY BASE;BASE NEM. ;10
859544;Armamento dettagli;RADAR SITES;SITI RADAR ;11
859550;Armamento dettagli;SCUD BASES;BASI SCUD ;10
85955B;Armamento dettagli;PIPELINE STATION;STAZIONE OLEOD.;16
85956C;Armamento dettagli;AIR BASES;BASI AER.;9
859576;Armamento dettagli;GROUND BASES;BASI TERRA  ;12
859583;Armamento dettagli;NBC FACTORIES;FABBRICHE NBC;13
859591;Armamento dettagli;ZARAKIE MILITARY;MILITARI ZARAK  ;16
8595A2;Armamento dettagli;ZARAK HQs;QG ZARAK ;9
8595AC;Armamento dettagli;WEAPONS ;ARMI    ;8
8595B5;Armamento dettagli;DAMAGE ;DANNI  ;7
8595BD;Armamento dettagli;SORTIE POINTS;PUNTI USCITA ;13
8595CB;Armamento dettagli;POINTS;PUNTI ;6
8595D2;Armamento dettagli;AMMUNITION;MUNIZIONI ;10
8595DD;Armamento dettagli;VULCAN HIT RATIO;PRECIS. VULCAN  ;16
8595EE;Armamento dettagli;SORTIE COST;COSTO VOLO ;11
8595FA;Armamento dettagli;SORTIE RESULT;ESITO USCITA ;13
859608;Armamento dettagli;  RESULT ; ESITO   ;9
859612;Armamento dettagli;MISSION RESULT;ESITO MISSIONE;14
859621;Armamento dettagli; RESULT :; ESITO  :;9
85962B;Armamento dettagli;SORTIE POINT DETAIL;DETTAGLIO USCITA   ;19
85963F;Armamento dettagli;STRATEGY;STRATEG.;8
859648;Armamento dettagli;DAMAGE POINTS;PUNTI DANNI  ;13
859656;Armamento dettagli;ATTACK POINTS;PUNTI ATTACCO;13
859664;Armamento dettagli;DESTRUCTION RATE;TASSO DISTRUZ.  ;16
859675;Armamento dettagli;SPECIAL PTS.;PUNTI SPEC. ;12
859682;Armamento dettagli;TTL. STRATEGY PTS.;PT. STRATEGIA TOT.;18
859695;Armamento dettagli;MISSION TIME ;TEMPO MISS.  ;13
8596A3;Armamento dettagli; HRS.; ORE.;5
8596A9;Armamento dettagli;TARGET HIT % ;COLPITI %    ;13
8596B7;Armamento dettagli;NO. OF SORTIES;N. DI USCITE  ;14
8596C6;Armamento dettagli;MISSION TOTAL STATUS;STATO TOT. MISSIONE;20
8596DB;Armamento dettagli;MISSION TOTAL STATUS;STATO TOT. MISSIONE;20
8596F0;Armamento dettagli;CHANGE IN STATUS;VARIAZIONE STATO;16
859701;Armamento dettagli;SORTIE;USCITA;6
859708;Armamento dettagli;GND. TROOPS PTS.;PT. TRUPPE TERRA;16
859719;Armamento dettagli;SORTIE TIME;TEMPO VOLO ;11
859725;Armamento dettagli;ATTACK POINTS;PUNTI ATTACCO;13
859733;Armamento dettagli;STRATEGY POINTS;PUNTI STRATEGIA;15
859743;Armamento dettagli;SORTIE TOTAL;TOTALE VOLO ;12
859750;Armamento dettagli;OPERATION COST;COSTO OPERAZ. ;14
85975F;Armamento dettagli;REPAIRS;RIPARAZ;7
859767;Armamento dettagli;FINAL RESULT;ESITO FINALE;12
859774;Armamento dettagli;TOTAL TIME;TEMPO TOT.;10
85977F;Armamento dettagli; REWARDED; PREMIATO;9
859789;Armamento dettagli;WING OF HONOR;ALA D'ONORE  ;13
859797;Armamento dettagli;PLATINUM CROSS;CROCE PLATINO ;14
8597A6;Armamento dettagli;POLESTAR MEDAL;MEDAGLIA POLO;14
8597B5;Etichette HUD;CAMPAIGN MEDAL;MED. CAMPAGNA ;14
8597C5;Etichette HUD;  CONFIG  ;;10
8597D0;Etichette HUD;COMMAND HQ;COMANDO HQ;10
8597DB;Etichette HUD;DEVELOP HQ;SVILUPPO  ;10
8597E6;Etichette HUD;AIR FORCE ;AVIAZIONE ;10
8597F1;Etichette HUD;   ARMY   ; ESERCITO ;10
8597FC;Etichette HUD;  OPTION  ; OPZIONI  ;10
859807;Etichette HUD;  SCORE   ; PUNTEGGIO;10
859812;Etichette HUD;  TARGET  ;OBIETTIVO ;10
85981D;Etichette HUD; AREA   %d;;10
859828;Etichette HUD;U.N. FORCES;FORZE ONU  ;11
859835;Etichette HUD;CIVILIAN;CIVILI  ;8
859840;Etichette HUD; EXIT;ESCI ;5
859846;Etichette HUD;TOTAL;TOT. ;5
85984C;Esito volo;RETURNED WITHOUT DAMAGE!;RIENTRO SENZA DANNI!;24
859865;Esito volo;RETURNED WITH MINOR DAMAGE.;RIENTRO CON DANNI LIEVI.;27
859881;Esito volo;FORCED LANDING WITH DAMAGE.;ATTERRAGGIO D'EMERGENZA.;27
85989D;Esito volo;CRASHED:LOST YOUR AIRCRAFT!;SCHIANTO: AEREO PERDUTO!;27
8598B9;Esito volo;SHOT DOWN:LOST YOUR BIRD!;ABBATTUTO: AEREO PERSO!;25
8598D3;Esito missione;MISSION COMPLETE!;MISSIONE RIUSCITA;17
8598E5;Esito missione;TIME EXPIRED, RETREAT!;TEMPO FINITO: RITIRATA;22
8598FC;Esito missione;TACTICAL FAILURE, RETREAT!;ERRORE TATTICO: RITIRATA!;26
859917;Esito missione;FINANCIAL CHAOS, RETREAT!;CRISI FINANZIARIA: RITIRO;25
859931;Esito missione;POLITICAL UNREST, RETREAT!;CRISI POLITICA: RITIRATA!;26
85994C;Esito missione;TIME'S UP, MISSION ENDED!;TEMPO SCADUTO: FINE MISS.;25
859966;Risultati / intel;FEP STATUS;STATO FEP ;10
859971;Risultati / intel;FEP STATUS;STATO FEP ;10
85997C;Risultati / intel;RESULT;ESITO ;6
859983;Risultati / intel;%3d;;3
859987;Risultati / intel;%02d;;4
8599A4;Risultati / intel; A.S.P. RATE :          ; INDICE A.S.P.:         ;24
8599BD;Risultati / intel; TIME LIMIT  :; TEMPO LIM.  :;14
8599CC;Risultati / intel;MAX SORTIES :          ;USCITE MAX  :          ;23
8599E4;Risultati / intel;  %2d;;5
8599ED;Risultati / intel;TIME LEFT  :        ;TEMPO RIM. :        ;20
859A02;Risultati / intel; HRS; ORE;4
859A07;Risultati / intel;VIEW TARGET INTELLIGENCE ?;VEDI INFO SUL BERSAGLIO ?;26
859A22;Risultati / intel;MISSION TARGET : ;BERSAGLIO MISS.: ;17
859A34;Risultati / intel;VIEW INDIVIDUAL UNIT INFO ?;VEDI INFO DELL'UNITA' ?;27
859A50;Risultati / intel;(UP/DOWN) ARROWS TO SELECT     TARGET. PRESS A TO ENTER.    ;(SU/GIU) SCEGLI IL BERSAGLIO. A PER ENTRARE.;60
859A8D;Risultati / intel;(LEFT/RIGHT) ARROWS TO SELECT  UNIT. PRESS B TO SELECT TYPE.;(SX/DX) SCEGLI L'UNITA'. B PER IL TIPO.;60
859ACA;Risultati / intel;TARGET SCORE : ;PUNTI OBIETT.: ;15
859ADB;Risultati / intel;CURRENT DESTRUCTION RATE : ;T. DISTRUZIONE ATTUALE : ;27
859AF7;Risultati / intel;DESTRUCTION RATE : ;T. DISTRUZIONE  : ;19
859B0B;Risultati / intel;DESTRUCTION RATE : ;T. DISTRUZIONE  : ;19
859B1F;Risultati / intel;UNIT NAME : ;NOME UNITA':;12
859B2C;Risultati / intel;CURRENT UNIT SCORE       : ;PUNTI UNITA' ATTUALI   : ;27
859B48;Risultati / intel; ALREADY DESTROYED; GIA' DISTRUTTO   ;18
859B5B;Radio / Command HQ;SENDING RADAR INFO;INVIO DATI RADAR;18
859B6F;Radio / Command HQ;ACKNOWLEDGE AREA INFO;CONFERMA DATI AREA;21
859B86;Radio / Command HQ;NO BOGY ;NESSUNO ;8
859B91;Radio / Command HQ;%d BOGIES IN SIGHT;%d NEMICI IN VISTA;18
859BA4;Radio / Command HQ;CHECK WEAPONS;VERIFICA ARMI;13
859BB3;Radio / Command HQ;START : ;INIZIO: ;8
859BBC;Data / briefing;TIME: ;ORA:  ;6
859BC3;Data / briefing;OPERATION DESERT CORRADO;OPERAZIONE DESERT CORRADO;40
859BDC;Data / briefing;MISSION No.%d;MISSIONE N.%d;13
859BED;Data / briefing; Mission-%1d ; Missione-%1d;13
859BFB;Data / briefing;%02d/;;5
859C01;Data / briefing;%04d ;;5
859C07;Data / briefing;%02d;;4
859C0C;Data / briefing;%02d;;4
859C11;Data / briefing;JAN;GEN;3
859C15;Data / briefing;FEB;FEB;3
859C19;Data / briefing;MAR;MAR;3
859C1D;Data / briefing;APR;APR;3
859C21;Data / briefing;MAY;MAG;3
859C25;Data / briefing;JUN;GIU;3
859C29;Data / briefing;JUL;LUG;3
859C2D;Data / briefing;AUG;AGO;3
859C31;Data / briefing;SEP;SET;3
859C35;Data / briefing;OCT;OTT;3
859C39;Data / briefing;NOV;NOV;3
859C3D;Data / briefing;DEC;DIC;3
859C41;Varie;FORCE;FORZE;5
859C47;Varie;ECONOMY;ECONOM.;7
859C4F;Varie;POLITICS;POLITICA;8
859C58;Varie;WILCO A.S.P., STAND BY FOR ;RICEVUTO A.S.P., ATTENDI ;27
859C74;Varie; HRS.; ORE.;5
859C7A;Varie;HIGH CIVILIAN CASUALTY!!;MOLTE VITTIME CIVILI!!;24
859C93;Varie;NEAR RETREAT;QUASI RITIRO;12
859CA0;Varie;SITUATION WORSE;SITUAZ. PEGGIO;15
859CB0;Varie;ATTACK HARDER;ATTACCA PIU';13
859CBE;Varie;FORCES STABLE;FORZE STABILI;13
859CCC;Varie;SITUATION GOOD;SITUAZ. BUONA;14
859CDB;Varie;LOGISTICS BAD;LOGISTICA KO;13
859CE9;Varie;SUPPLY CRITICAL;SCORTE CRITICHE;15
859CF9;Varie;SAVE SUPPLIES;SALVA SCORTE;13
859D07;Varie;SUPPLIES GOOD;SCORTE BUONE;13
859D15;Varie;SUPPLIES GOOD;SCORTE BUONE;13
859D23;Varie;POLITICAL CRISIS;CRISI POLITICA;16
859D34;Varie;UNSTABLE POLITICS;POLITICA INSTAB.;17
859D46;Varie;WATCH YOUR AIM;OCCHIO AL TIRO;14
859D55;Varie;SITUATION GOOD;SITUAZ. BUONA;14
859D64;Varie;WORLD SUPPORT;MONDO CON NOI;13
859D7B;Varie;F15AGM-B;;8
859D84;Varie;F15AGM-A;;8
859D8D;Varie;F15AAM  ;;8
859D96;Varie;A10AGM-A;;8
859D9F;Varie;A10AGM-B;;8
859DA8;Varie;A10AGM-C;;8
859DBA;Varie;SELECT AIRCRAFT;SCEGLI AEREO   ;15
859DCB;Varie;OPTION MENU;OPZIONI;11
859DD7;Varie;  SAVE GAME ¦  CONTROL TYPE¦  BUTTON TYPE¦  SOUND MODE;  SALVA PARTITA¦  TIPO COMANDI¦  TIPO TASTI¦  AUDIO;60
859E17;Varie;SOUND SETUP¦  STEREO/MONO¦  MUSIC/SE;AUDIO¦  STEREO/MONO¦  MUSICA/SE;40
859E40;Varie;STEREO/MONO¦  STEREO¦  MONO;STEREO/MONO¦  STEREO¦  MONO;31
859E60;Varie;BGM MODE¦  BGM ON¦  BGM OFF;MUSICA¦  ACCESA¦  SPENTA;31
859E80;Varie;[YES];[SI] ;5
859E86;Varie;[NO];[NO];4
859E8B;Varie;[EXIT];[ESCI];6
859E92;Varie;SAVE FILE;SALVATAGG;9
859E9C;Varie;SAVE DATA ?;SALVARE ?  ;11
859EA8;Varie;DATA HAS BEEN SAVED.;DATI SALVATI.       ;20
859EBD;Varie;CURRENT DATA;DATI ATTUALI;12
859ECA;Varie;BUTTON SETUP;TASTI;12
859ED7;Varie;CONTROL SETUP;COMANDI;13
859EE5;Varie;    PRESS B-BUTTON TO EXIT.;    PREMI B PER USCIRE.;27
859F01;Varie;YOUR CONTROLLER TYPE ;IL TUO TIPO COMANDI  ;21
859F17;Varie;  NORMAL; NORMALE;8
859F20;Varie;  COCKPIT-A;;11
859F2C;Varie;  COCKPIT-B;;11
859F38;Varie;  TYPE-A ¦  TYPE-B ¦  TYPE-C ¦  TYPE-D ;  TIPO-A ¦  TIPO-B ¦  TIPO-C ¦  TIPO-D ;45
859F69;Varie;  NORMAL    ¦  COCKPIT-A ¦  COCKPIT-B ;  NORMALE   ¦  CABINA-A ¦  CABINA-B ;42
859F97;Varie;YOUR BUTTON TYPE;TIPO TASTI USATO;16
859FA8;Varie;TYPE-A;;6
859FAF;Varie;TYPE-B;;6
859FB6;Varie;TYPE-C;;6
859FBD;Varie;TYPE-D;;6
859FC6;Varie;YOU HAVE COMPLETED THE FIRST MISSION SUCCESSFULLY.  REPORT TO OPS OFFICER FOR FURTHER INSTRUCTIONS. ;HAI COMPLETATO LA PRIMA MISSIONE CON SUCCESSO.      PRESENTATI ALL'UFFICIALE PER NUOVI ORDINI.;100
85A02C;Varie;THAT WAS GOOD SCUD HUNTING! A FEW GOT AWAY, BUT     YOU'LL GET THEM ALL NEXT TIME.;BELLA CACCIA AGLI SCUD! QUALCUNO E' SFUGGITO,       MA LI PRENDERAI TUTTI.;82
85A080;Varie;ENOUGH OIL FACILITIES HAVE BEEN DESTROYED TO PREVENTTHE ENEMY'S ATTEMPT TO EXTEND THEIR SUPPLY LINES.;DISTRUTTI ABBASTANZA IMPIANTI PETROLIFERI DA        IMPEDIRE AL NEMICO DI ESTENDERE I RIFORNIMENTI.;101
85A0E7;Varie;CONGRATULATIONS, YOU HAVE SUCCESSFULLY PREVENTED THEAIR STRIKE ON TAFUJI, ATTAINING AIR SUPERIORITY.;CONGRATULAZIONI, HAI IMPEDITO L'ATTACCO AEREO       SU TAFUJI E OTTENUTO LA SUPERIORITA' AEREA.;100
85A14D;Varie;YOU WERE SUCCESSFUL IN LIBERATING THE HARBOR AND    RESCUING THE HOSTAGES! GOOD JOB!!;HAI LIBERATO IL PORTO E SALVATO                     GLI OSTAGGI! OTTIMO LAVORO!!;85
85A1A4;Varie;BY SUCCESSFULLY DESTROYING THE PRODUCTION PLANTS,   YOU HAVE ELIMINATED THE THREAT OF N.B.C. ATTACK.;DISTRUGGENDO GLI IMPIANTI DI PRODUZIONE HAI         ELIMINATO LA MINACCIA DI UN ATTACCO N.B.C.;100
85A20A;Varie;YOU DID A COMMENDABLE JOB OF SUPPRESSING THE RED    GUARD. OUR VICTORY IS CLOSE AT HAND.;HAI FATTO UN OTTIMO LAVORO CONTRO LA GUARDIA        ROSSA. LA VITTORIA E' VICINA.;88
85A264;Varie;CONGRATULATIONS, YOU'VE PREVENTED A NUCLEAR         NIGHTMARE AND WE'VE WON THE WAR! WE'RE GOING HOME!!;CONGRATULAZIONI, HAI EVITATO L'INCUBO NUCLEARE      E ABBIAMO VINTO LA GUERRA! SI TORNA A CASA!!;103
85A2CD;Varie;THERE ARE TOO MANY RADAR SIGHTS REMAINING.          THIS JEOPARDIZES OUR TROOPS, SO YOU ARE DISMISSED.;RESTANO TROPPI SITI RADAR: METTONO A RISCHIO        LE NOSTRE TRUPPE, QUINDI SEI SOLLEVATO.;102
85A335;Varie;MORE SCUDs HAVE BEEN LAUNCHED THAN OUR  PATRIOT     GRID CAN DEFEND. YOU'VE BEEN REASSIGNED.;SONO PARTITI PIU' SCUD DI QUANTI NE POSSA           FERMARE LA RETE PATRIOT: RIASSEGNATO.;92
85A393;Varie;YOUR MISSION TO DESTROY THE OIL DEPOTS WAS A        FAILURE. STAND BY FOR REASSIGNMENT.;LA MISSIONE CONTRO I DEPOSITI DI PETROLIO E'        FALLITA. ATTENDI NUOVI ORDINI.;87
85A3EC;Varie;YOU FAILED! ZARAK WAS ABLE TO SUCCESSFULLY INVADE   THE BORDER TOWN OF TAFUJI, FORCING US TO RETREAT.;HAI FALLITO! ZARAK HA INVASO LA CITTA' DI           CONFINE DI TAFUJI E CI COSTRINGE ALLA RITIRATA.;101
85A453;Varie;YOU TOOK TOO LONG, ALLOWING ZARAK TO CARRY OUT THEIRECOTERRORIST THREATS. GO TO THE CHOW HALL FOR K.P.;CI HAI MESSO TROPPO E ZARAK HA ATTUATO LE SUE       MINACCE ECOTERRORISTE. VAI IN CUCINA.;102
85A4BB;Varie;THE N.B.C. PLANTS WERE NOT FULLY DESTROYED,         SO WE WILL BE FORCED TO RETREAT. YOU'RE RESPONSIBLE;GLI IMPIANTI N.B.C. NON SONO STATI DISTRUTTI        DEL TUTTO: DOVREMO RITIRARCI. E' COLPA TUA.;103
85A524;Varie;YOU FAILED TO TERMINATE THE RED GUARD.              THE ALIENS WILL SURELY CONTROL THE WORLD.;NON HAI ELIMINATO LA GUARDIA ROSSA.                 GLI ALIENI DOMINERANNO IL MONDO.;93
85A583;Varie;YOUR FAILURE TO DESTROY THE ZARAK HQs MAY LEAD TO A VENGEFUL COUNTER-ATTACK WITH NUCLEAR WEAPONS. ;NON AVER DISTRUTTO IL QG DI ZARAK PUO' PORTARE      A UN CONTRATTACCO CON ARMI NUCLEARI.;98
85A5E7;Varie;ZARAK HAD MORE WEAPONS THAN EXPECTED.               WE CANNOT CONTINUE OUR MISSION WITH CURRENT FORCES;ZARAK AVEVA PIU' ARMI DEL PREVISTO. NON             POSSIAMO CONTINUARE CON LE FORZE ATTUALI.;102
85A64F;Varie;DUE TO DAMAGES TO U.N. FORCES, THIS WAR IS TOO      COSTLY TO CONTINUE.;PER I DANNI ALLE FORZE ONU LA GUERRA COSTA          TROPPO.;71
85A698;Varie;WORLDWIDE DEMONSTRATIONS AGAINST THE WAR HAS FORCED US TO STOP OPERATIONS. STAND BY FOR INSTRUCTIONS.;LE PROTESTE IN TUTTO IL MONDO CI HANNO COSTRETTI    A FERMARE LE OPERAZIONI. ATTENDI ORDINI.;101
8182A5;Messaggi decollo; GOOD LUCK  ; FORZA!!!!  ;12
8182B2;Messaggi decollo;FINAL FLIGHT;ULTIMO VOLO ;12
84DE31;Command HQ; OPERATOR ;OPERATORE ;10
8CEEA4;Area / sortite;SORTIE AREA %d;USCITA AREA %d;14
84B2EF;Nomi area;AREA1;;5
84B2F5;Nomi area;AREA2;;5
84B2FB;Nomi area;AREA3;;5
84B301;Nomi area;AREA4;;5
84B307;Nomi area;AREA5;;5
84B30D;Nomi area;AREA6;;5
84B313;Nomi area;AREA7;;5
84B319;Nomi area;AREA8;;5
84B31F;Nomi area;AREA9;;5
829EBE;HUD di volo;MIG LEFT;MIG RIM.;8
829EC7;HUD di volo;PAUSE;PAUSA;5
8493BC;HUD di volo;RAYLOAD [ %03d ];CARICO  [ %03d ];16
83A2E5;Schermata bilancio;EXIT;ESCI;4
83A2EA;Schermata bilancio; B A L A N C E; S A L D O    ;14
83A2F9;Schermata bilancio;END;FIN;3
83A2FD;Schermata bilancio;   T O T A L  ;   T O T A L E;14
83927C;Salvataggi;NOT EXIT SAVED DATA;NESSUN DATO SALVATO;19
84C104;Richieste;NO   YES;NO    SI;8
84DD53;Notiziario GNN;GULF WAR LIVE;GUERRA GOLFO ;13
84DE1B;Command HQ;COMMANDER ;COMANDANTE;10
84DE26;Command HQ;  HANGAR  ;  HANGAR  ;10
84DE3C;Command HQ; GNN NEWS ; GNN NOTIZ;10
80C134;Varie;HRS;ORE;3
82A2F5;Menu debug nascosto: voci;MISSION NUMBER....;NUMERO MISSIONE...;18
82A308;Menu debug nascosto: voci;PLAY AREA.........;AREA DI GIOCO.....;18
82A31B;Menu debug nascosto: voci;GAME LEVEL........;DIFFICOLTA .......;18
82A32E;Menu debug nascosto: voci;PALETTE SELECT....;SCELTA PALETTE....;18
82A341;Menu debug nascosto: voci;SE MODE SELECT....;SCELTA EFFETTI....;18
82A354;Menu debug nascosto: voci;FINAL FLIGHT......;ULTIMO VOLO.......;18
82A367;Menu debug nascosto: voci;PLAYER AIRCRAFT...;AEREO GIOCATORE...;18
82A37A;Menu debug nascosto: voci;MISSILE...........;MISSILE...........;18
82A38D;Menu debug nascosto: voci;MISSILE COUNT.....;NUMERO MISSILI....;18
82A3A0;Menu debug nascosto: voci;GUN LEVEL.........;LIVELLO CANNONE...;18
82A3B3;Menu debug nascosto: voci;PLAYER LIFE.......;VITE GIOCATORE....;18
82A3C6;Menu debug nascosto: voci;FUEL CONSUME......;CONSUMO CARBURANTE;18
82A3D9;Menu debug nascosto: voci;MIG LEVEL.........;LIVELLO MIG.......;18
82A3EC;Menu debug nascosto: voci;MIG COUNT.........;NUMERO MIG........;18
82A3FF;Menu debug nascosto: voci;SCUD FORMATION....;FORMAZIONE SCUD...;18
82A412;Menu debug nascosto: voci;SCUD COUNT........;NUMERO SCUD.......;18
82A425;Menu debug nascosto: voci;PAD CONTROL.......;CONTROLLO PAD.....;18
82A438;Menu debug nascosto: voci;BUTTON TYPE.......;TIPO TASTI........;18
82A44B;Menu debug nascosto: voci;SCENARIO..........;SCENARIO..........;18
82A4B9;Menu debug nascosto: DAY/NIGHT;DAY  ;SOLE ;5
82A4BF;Menu debug nascosto: DAY/NIGHT;NIGHT;NOTTE;5
82A4B1;Menu debug nascosto: OFF/ON;OFF;NO ;3
82A4B5;Menu debug nascosto: OFF/ON;ON ;SI ;3
82A4C5;Menu debug nascosto: AEREO;F15;;3
82A4C9;Menu debug nascosto: AEREO;A10;;3
82A4CD;Menu debug nascosto: AEREO;X15;;3
82A4D1;Menu debug nascosto: MODALITA';AIR    ;ARIA   ;7
82A4D9;Menu debug nascosto: MODALITA';GROUND1;TERRA 1;7
82A4E1;Menu debug nascosto: MODALITA';GROUND2;TERRA 2;7
82A4E9;Menu debug nascosto: PARTITA;NEW GAME;NUOVA   ;8
82A4F2;Menu debug nascosto: PARTITA;CONTINUE;CONTINUA;8
82A4FB;Menu debug nascosto: VISUALE;NORMAL   ;NORMALE  ;9
82A505;Menu debug nascosto: VISUALE;COCKPIT A;;9
82A50F;Menu debug nascosto: VISUALE;COCKPIT B;;9
82A519;Menu debug nascosto: VISUALE;HELI     ;ELICOT.  ;9
82A523;Menu debug nascosto: TASTI;Y  B;;4
82A528;Menu debug nascosto: TASTI;B  Y;;4
82A52D;Menu debug nascosto: TASTI;B  A;;4
82A532;Menu debug nascosto: TASTI;A  B;;4
